Product Name,Product ID,Brand Name,MRP,Discounted Price,Stock Status,Pack Info,Position
Masterchow Schzewan Chutney(250gms) & Lay'S India'S Magic Masala Potato Chips(157gms) Combo,https://www.zeptonow.com/pn/masterchow-schzewan-chutney250gms-lays-indias-magic-masala-potato-chips157gms-combo/pvid/ab9ccdee-47e5-4c10-9eba-2ec03450a0c4,Lay's,₹142,₹142,In Stock,2 combo,1
Sweet Karam Coffee Tapioca Chips,https://www.zeptonow.com/pn/sweet-karam-coffee-tapioca-chips/pvid/b07cc365-bb7f-4843-9751-6fe6f8930fb2,Lay's,₹65,₹65,In Stock,65 g,2
Lay's Wafer Chips Red Chilli 48 g Combo,https://www.zeptonow.com/pn/lays-wafer-chips-red-chilli-48-g-combo/pvid/9ce3a4a9-0362-4efd-b1dc-998f3aebdea7,Lay's,₹38,₹38,In Stock,48 g X 2,3
Doritos Cheese Nachos & Lay's India's Magic Masala Chips Combo,https://www.zeptonow.com/pn/doritos-cheese-nachos-lays-indias-magic-masala-chips-combo/pvid/134a63d6-1315-419c-96ff-4621c5960668,Lay's,₹40,₹40,In Stock,2 Combo,4
Lay'S India'S Magic Masala Potato Chips(50gms) & Pepsi Soft Drink(750ml) Combo,https://www.zeptonow.com/pn/lays-indias-magic-masala-potato-chips50gms-pepsi-soft-drink750ml-combo/pvid/b2650536-6d7c-44a3-8ca3-31d5e879d714,Lay's,₹64,₹64,In Stock,2 combo,5
Lay's Spanish Tomato Tango Potato Chips 48 g Combo,https://www.zeptonow.com/pn/lays-spanish-tomato-tango-potato-chips-48-g-combo/pvid/eafa9397-f58e-407c-a370-1774b0c98b82,Lay's,₹38,₹38,In Stock,48 g X 2,6
Lay's American Style Cream & Onion Potato Chips 48 gms Combo,https://www.zeptonow.com/pn/lays-american-style-cream-onion-potato-chips-48-gms-combo/pvid/6367b6ad-26f0-461e-bf08-6931be0b4ccd,Lay's,₹40,₹40,In Stock,48gms X 2,7
Lay's Potato Chips - Sizzling Hot Spicy Flavour 48 g Combo,https://www.zeptonow.com/pn/lays-potato-chips-sizzling-hot-spicy-flavour-48-g-combo/pvid/d86fab5c-97d7-488e-b529-ee6646a07739,Lay's,₹54,₹54,In Stock,48 g X 3,8
Lay's India's Magic Masala Potato Chips 48 g Combo,https://www.zeptonow.com/pn/lays-indias-magic-masala-potato-chips-48-g-combo/pvid/f21c3c52-e8bb-43f1-84b8-5412a032b0ff,Lay's,₹56,₹56,In Stock,67 g X 2,9
Lay's Hot n Sweet,https://www.zeptonow.com/pn/lays-hot-n-sweet/pvid/a74120ab-4099-42f5-b91e-74beb1f6ac5b,Lay's,₹45,₹45,In Stock,82 g,10
Lay'S American Cream & Onion Potato Chips(82gms) & Pepsi Soft Drink(750ml) Combo,https://www.zeptonow.com/pn/lays-american-cream-onion-potato-chips82gms-pepsi-soft-drink750ml-combo/pvid/c0343b75-12c7-4652-9521-9be8bff5e124,Lay's,₹90,₹90,In Stock,2 combo,11
Lay's Potato Chips - Chile Lemon Flavour,https://www.zeptonow.com/pn/lays-potato-chips-chile-lemon-flavour/pvid/dcbb2351-7440-491f-b906-1d2cdf5a89b3,Lay's,₹38,₹38,In Stock,48 g X 2,12
Lay's India's Magic Masala Potato Chips 143 g Combo,https://www.zeptonow.com/pn/lays-indias-magic-masala-potato-chips-143-g-combo/pvid/f8ae4eba-dd6d-4405-a2a4-8db171b68f7f,Lay's,₹118,₹118,In Stock,143 g X 2,13
Lay's American Cream & Onion Potato Chips 48 g Combo,https://www.zeptonow.com/pn/lays-american-cream-onion-potato-chips-48-g-combo/pvid/2c908407-8a06-4933-bb0c-76cfd31e75ef,Lay's,₹38,₹38,In Stock,48 g X 2,14
Lay's Classic Salted Potato Chips 50 g Combo,https://www.zeptonow.com/pn/lays-classic-salted-potato-chips-50-g-combo/pvid/74952f9a-4a0c-4ac9-920e-71d5e744b73f,Lay's,₹57,₹57,In Stock,50 g X 3,15
Lay's Classic Salted Potato Chips 67 g Combo,https://www.zeptonow.com/pn/lays-classic-salted-potato-chips-67-g-combo/pvid/dc14dcbc-c4d7-48ff-85be-5535cc0f0afc,Lay's,₹54,₹54,In Stock,67 g X 2,16
Lay's Potato Chips - Chile Lemon Flavour,https://www.zeptonow.com/pn/lays-potato-chips-chile-lemon-flavour/pvid/7ffb904c-6169-46a2-9c9f-bdfc287572c7,Lay's,₹20,₹20,In Stock,48 g,17
Lay's India's Magic Masala Potato Chips,https://www.zeptonow.com/pn/lays-indias-magic-masala-potato-chips/pvid/f320f879-7942-4ddd-8d08-e7a91915d213,Lay's,₹45,₹45,In Stock,82 g,18
Lay's Spanish Tomato Tango Potato Chips 67 g Combo,https://www.zeptonow.com/pn/lays-spanish-tomato-tango-potato-chips-67-g-combo/pvid/25ef8b85-27a3-4486-800d-43d6c074a686,Lay's,₹75,₹75,In Stock,67 g X 3,19
Lay's American Cream & Onion Potato Chips 82 g Combo,https://www.zeptonow.com/pn/lays-american-cream-onion-potato-chips-82-g-combo/pvid/ed9028c3-1de0-40fa-8c6e-4965f7122869,Lay's,₹76,₹76,In Stock,82 g X 2,20
Lay's American Cream & Onion Potato Chips 82 g Combo,https://www.zeptonow.com/pn/lays-american-cream-onion-potato-chips-82-g-combo/pvid/516318aa-0199-47a8-8efb-7b57d1caaf8e,Lay's,₹234,₹234,In Stock,82 g X 6,21
Lay's Spanish Tomato Tango Potato Chips 82 g Combo,https://www.zeptonow.com/pn/lays-spanish-tomato-tango-potato-chips-82-g-combo/pvid/d7b4e0ca-9a82-44a2-8b7a-42eeadb72fa5,Lay's,₹84,₹84,In Stock,82 g X 2,22
